﻿<?xml version="1.0" encoding="UTF-8"?>
    <ExtensionManifest Version="5.0" ExtensionBundleId="seamless_textures_generator_2.extension" ExtensionBundleVersion="2.0"
		ExtensionBundleName="seamless_textures_generator_2" xmlns:xsi="http://www.w3.org/2001/XMLSchema-instance">
<Author><![CDATA[the-orange-box.com]]></Author>
  <Abstract><![CDATA[Once Seamless-Textures-Generator-2 is installed, can be launched from Window > Extension >"Seamless-Textures-Generator-2".
For more infos and stuff please visit:<br><a href="http://www.the-orange-box.com/" target="_blank">www.the-orange-box.com</a><br><br>Copyright 2015 - Orange_Box]]></Abstract>
    <ExtensionList>
        <Extension Id="seamless_textures_generator_2.extension" Version="2.0" />
    </ExtensionList>
    <ExecutionEnvironment>
        <HostList>
            <Host Name="PHXS" Version="14.0" />

		<Host Name="PHSP" Version="14.0" />
        </HostList>
        <LocaleList>
            <Locale Code="All" />
        </LocaleList>
        <RequiredRuntimeList>
            <RequiredRuntime Name="CSXS" Version="5.0" />
        </RequiredRuntimeList>
    </ExecutionEnvironment>
    <DispatchInfoList>
        <Extension Id="seamless_textures_generator_2.extension">          
             <DispatchInfo>
                <Resources>
                    <MainPath>./index.html</MainPath>
                    <ScriptPath>./host/ps.jsx</ScriptPath>
                </Resources>
                	<Lifecycle>
					<AutoVisible>true</AutoVisible>
				</Lifecycle>
                <UI>
                    <Type>Panel</Type>
                    <Menu>Seamless-Textures-Generator-2</Menu>
                    <Geometry>
                        <Size>
                            <Height>250</Height>
                            <Width>221</Width>
                        </Size>
                        <MaxSize>
							<Height>250</Height>
							<Width>221</Width>
						</MaxSize>
						<MinSize>
							<Height>250</Height>
							<Width>221</Width>
						</MinSize>
                    </Geometry>
                    <Icons>
						<Icon Type="Normal">./st.png</Icon>
						<Icon Type="RollOver">./st.png</Icon>
						<Icon Type="Disabled">./st.png</Icon>
						<Icon Type="DarkNormal">./st.png</Icon>
						<Icon Type="DarkRollOver">./st.png</Icon>
					</Icons>
                </UI>
            </DispatchInfo>
        </Extension>
    </DispatchInfoList>
</ExtensionManifest>